1,"databases"
2,"databases"
3,"opearting systems"
1,"compilers"
2,"algorithms"
3,"databases"
4,"chemistry"
5,"calculus"
1,"databases"
2,"databases"
3,"opearting systems"
1,"compilers"
2,"algorithms"
3,"databases"
4,"chemistry"
5,"calculus"
1,"databases"
2,"databases"
3,"opearting systems"
1,"compilers"
2,"algorithms"
3,"databases"
4,"chemistry"
5,"calculus"
1,"databases"
2,"databases"
3,"opearting systems"
1,"compilers"
2,"algorithms"
3,"databases"
4,"chemistry"
5,"calculus"
1,"databases"
1,"databases"
1,"databases"
1,"databases"
1,"databases"
1,"databases"
1,"databases"
1,"databases"
1,"databases"
1,"databases"
1,"databases"
1,"databases"
1,"databases"
1,"databases"
1,"databases"
1,"databases"
1,"databases"
1,"databases"
1,"databases"
1,"databases"
1,"databases"
1,"databases"
1,"databases"
2,"databases"
3,"opearting systems"
1,"compilers"
2,"algorithms"
3,"databases"
4,"chemistry"
5,"calculus"
1,"databases"
2,"databases"
3,"opearting systems"
1,"compilers"
2,"algorithms"
3,"databases"
4,"chemistry"
5,"calculus"
1,"databases"
2,"databases"
3,"opearting systems"
1,"compilers"
2,"algorithms"
3,"databases"
4,"chemistry"
5,"calculus"
1,"databases"
2,"databases"
3,"opearting systems"
1,"compilers"
2,"algorithms"
3,"databases"
4,"chemistry"
5,"calculus"
2,"databases"
3,"opearting systems"
1,"compilers"
2,"algorithms"
3,"databases"
4,"chemistry"
5,"calculus"
1,"databases"
2,"databases"
3,"opearting systems"
1,"compilers"
2,"algorithms"
3,"databases"
4,"chemistry"
5,"calculus"
1,"databases"
2,"databases"
3,"opearting systems"
1,"compilers"
2,"algorithms"
3,"databases"
4,"chemistry"
5,"calculus"
1,"databases"
2,"databases"
3,"opearting systems"
1,"compilers"
2,"algorithms"
3,"databases"
4,"chemistry"
5,"calculus"
2,"databases"
3,"opearting systems"
1,"compilers"
2,"algorithms"
3,"databases"
4,"chemistry"
5,"calculus"
1,"databases"
2,"databases"
3,"opearting systems"
1,"compilers"
2,"algorithms"
3,"databases"
4,"chemistry"
5,"calculus"
1,"databases"
2,"databases"
3,"opearting systems"
1,"compilers"
2,"algorithms"
3,"databases"
4,"chemistry"
5,"calculus"
1,"databases"
2,"databases"
3,"opearting systems"
1,"compilers"
2,"algorithms"
3,"databases"
4,"chemistry"
5,"calculus"
2,"databases"
3,"opearting systems"
1,"compilers"
2,"algorithms"
3,"databases"
4,"chemistry"
5,"calculus"
1,"databases"
2,"databases"
3,"opearting systems"
1,"compilers"
2,"algorithms"
3,"databases"
4,"chemistry"
5,"calculus"
1,"databases"
2,"databases"
3,"opearting systems"
1,"compilers"
2,"algorithms"
3,"databases"
4,"chemistry"
5,"calculus"
1,"databases"
2,"databases"
3,"opearting systems"
1,"compilers"
2,"algorithms"
3,"databases"
4,"chemistry"
5,"calculus"
2,"databases"
3,"opearting systems"
1,"compilers"
2,"algorithms"
3,"databases"
4,"chemistry"
5,"calculus"
1,"databases"
2,"databases"
3,"opearting systems"
1,"compilers"
2,"algorithms"
3,"databases"
4,"chemistry"
5,"calculus"
1,"databases"
2,"databases"
3,"opearting systems"
1,"compilers"
2,"algorithms"
3,"databases"
4,"chemistry"
5,"calculus"
1,"databases"
2,"databases"
3,"opearting systems"
1,"compilers"
2,"algorithms"
3,"databases"
4,"chemistry"
5,"calculus"
2,"databases"
3,"opearting systems"
1,"compilers"
2,"algorithms"
3,"databases"
4,"chemistry"
5,"calculus"
1,"databases"
2,"databases"
3,"opearting systems"
1,"compilers"
2,"algorithms"
3,"databases"
4,"chemistry"
5,"calculus"
1,"databases"
2,"databases"
3,"opearting systems"
1,"compilers"
2,"algorithms"
3,"databases"
4,"chemistry"
5,"calculus"
1,"databases"
2,"databases"
3,"opearting systems"
1,"compilers"
2,"algorithms"
3,"databases"
4,"chemistry"
5,"calculus"
2,"databases"
3,"opearting systems"
1,"compilers"
2,"algorithms"
3,"databases"
4,"chemistry"
5,"calculus"
1,"databases"
2,"databases"
3,"opearting systems"
1,"compilers"
2,"algorithms"
3,"databases"
4,"chemistry"
5,"calculus"
1,"databases"
2,"databases"
3,"opearting systems"
1,"compilers"
2,"algorithms"
3,"databases"
4,"chemistry"
5,"calculus"
1,"databases"
2,"databases"
3,"opearting systems"
1,"compilers"
2,"algorithms"
3,"databases"
4,"chemistry"
5,"calculus"
2,"databases"
3,"opearting systems"
1,"compilers"
2,"algorithms"
3,"databases"
4,"chemistry"
5,"calculus"
1,"databases"
2,"databases"
3,"opearting systems"
1,"compilers"
2,"algorithms"
3,"databases"
4,"chemistry"
5,"calculus"
1,"databases"
2,"databases"
3,"opearting systems"
1,"compilers"
2,"algorithms"
3,"databases"
4,"chemistry"
5,"calculus"
1,"databases"
2,"databases"
3,"opearting systems"
1,"compilers"
2,"algorithms"
3,"databases"
4,"chemistry"
5,"calculus"
2,"databases"
3,"opearting systems"
1,"compilers"
2,"algorithms"
3,"databases"
4,"chemistry"
5,"calculus"
1,"databases"
2,"databases"
3,"opearting systems"
1,"compilers"
2,"algorithms"
3,"databases"
4,"chemistry"
5,"calculus"
1,"databases"
2,"databases"
3,"opearting systems"
1,"compilers"
2,"algorithms"
3,"databases"
4,"chemistry"
5,"calculus"
1,"databases"
2,"databases"
3,"opearting systems"
1,"compilers"
2,"algorithms"
3,"databases"
4,"chemistry"
5,"calculus"
2,"databases"
3,"opearting systems"
1,"compilers"
2,"algorithms"
3,"databases"
4,"chemistry"
5,"calculus"
1,"databases"
2,"databases"
3,"opearting systems"
1,"compilers"
2,"algorithms"
3,"databases"
4,"chemistry"
5,"calculus"
1,"databases"
2,"databases"
3,"opearting systems"
1,"compilers"
2,"algorithms"
3,"databases"
4,"chemistry"
5,"calculus"
1,"databases"
2,"databases"
3,"opearting systems"
1,"compilers"
2,"algorithms"
3,"databases"
4,"chemistry"
5,"calculus"
2,"databases"
3,"opearting systems"
1,"compilers"
2,"algorithms"
3,"databases"
4,"chemistry"
5,"calculus"
1,"databases"
2,"databases"
3,"opearting systems"
1,"compilers"
2,"algorithms"
3,"databases"
4,"chemistry"
5,"calculus"
1,"databases"
2,"databases"
3,"opearting systems"
1,"compilers"
2,"algorithms"
3,"databases"
4,"chemistry"
5,"calculus"
1,"databases"
2,"databases"
3,"opearting systems"
1,"compilers"
2,"algorithms"
3,"databases"
4,"chemistry"
5,"calculus"
2,"databases"
3,"opearting systems"
1,"compilers"
2,"algorithms"
3,"databases"
4,"chemistry"
5,"calculus"
1,"databases"
2,"databases"
3,"opearting systems"
1,"compilers"
2,"algorithms"
3,"databases"
4,"chemistry"
5,"calculus"
1,"databases"
2,"databases"
3,"opearting systems"
1,"compilers"
2,"algorithms"
3,"databases"
4,"chemistry"
5,"calculus"
1,"databases"
2,"databases"
3,"opearting systems"
1,"compilers"
2,"algorithms"
3,"databases"
4,"chemistry"
5,"calculus"
2,"databases"
3,"opearting systems"
1,"compilers"
2,"algorithms"
3,"databases"
4,"chemistry"
5,"calculus"
1,"databases"
2,"databases"
3,"opearting systems"
1,"compilers"
2,"algorithms"
3,"databases"
4,"chemistry"
5,"calculus"
1,"databases"
2,"databases"
3,"opearting systems"
1,"compilers"
2,"algorithms"
3,"databases"
4,"chemistry"
5,"calculus"
1,"databases"
2,"databases"
3,"opearting systems"
1,"compilers"
2,"algorithms"
3,"databases"
4,"chemistry"
5,"calculus"
2,"databases"
3,"opearting systems"
1,"compilers"
2,"algorithms"
3,"databases"
4,"chemistry"
5,"calculus"
1,"databases"
2,"databases"
3,"opearting systems"
1,"compilers"
2,"algorithms"
3,"databases"
4,"chemistry"
5,"calculus"
1,"databases"
2,"databases"
3,"opearting systems"
1,"compilers"
2,"algorithms"
3,"databases"
4,"chemistry"
5,"calculus"
1,"databases"
2,"databases"
3,"opearting systems"
1,"compilers"
2,"algorithms"
3,"databases"
4,"chemistry"
5,"calculus"
2,"databases"
3,"opearting systems"
1,"compilers"
2,"algorithms"
3,"databases"
4,"chemistry"
5,"calculus"
1,"databases"
2,"databases"
3,"opearting systems"
1,"compilers"
2,"algorithms"
3,"databases"
4,"chemistry"
5,"calculus"
1,"databases"
2,"databases"
3,"opearting systems"
1,"compilers"
2,"algorithms"
3,"databases"
4,"chemistry"
5,"calculus"
1,"databases"
2,"databases"
3,"opearting systems"
1,"compilers"
2,"algorithms"
3,"databases"
4,"chemistry"
5,"calculus"
2,"databases"
3,"opearting systems"
1,"compilers"
2,"algorithms"
3,"databases"
4,"chemistry"
5,"calculus"
1,"databases"
2,"databases"
3,"opearting systems"
1,"compilers"
2,"algorithms"
3,"databases"
4,"chemistry"
5,"calculus"
1,"databases"
2,"databases"
3,"opearting systems"
1,"compilers"
2,"algorithms"
3,"databases"
4,"chemistry"
5,"calculus"
1,"databases"
2,"databases"
3,"opearting systems"
1,"compilers"
2,"algorithms"
3,"databases"
4,"chemistry"
5,"calculus"
2,"databases"
3,"opearting systems"
1,"compilers"
2,"algorithms"
3,"databases"
4,"chemistry"
5,"calculus"
1,"databases"
2,"databases"
3,"opearting systems"
1,"compilers"
2,"algorithms"
3,"databases"
4,"chemistry"
5,"calculus"
1,"databases"
2,"databases"
3,"opearting systems"
1,"compilers"
2,"algorithms"
3,"databases"
4,"chemistry"
5,"calculus"
1,"databases"
2,"databases"
3,"opearting systems"
1,"compilers"
2,"algorithms"
3,"databases"
4,"chemistry"
5,"calculus"
2,"databases"
3,"opearting systems"
1,"compilers"
2,"algorithms"
3,"databases"
4,"chemistry"
5,"calculus"
1,"databases"
2,"databases"
3,"opearting systems"
1,"compilers"
2,"algorithms"
3,"databases"
4,"chemistry"
5,"calculus"
1,"databases"
2,"databases"
3,"opearting systems"
1,"compilers"
2,"algorithms"
3,"databases"
4,"chemistry"
5,"calculus"
1,"databases"
2,"databases"
3,"opearting systems"
1,"compilers"
2,"algorithms"
3,"databases"
4,"chemistry"
5,"calculus"
2,"databases"
3,"opearting systems"
1,"compilers"
2,"algorithms"
3,"databases"
4,"chemistry"
5,"calculus"
1,"databases"
2,"databases"
3,"opearting systems"
1,"compilers"
2,"algorithms"
3,"databases"
4,"chemistry"
5,"calculus"
1,"databases"
2,"databases"
3,"opearting systems"
1,"compilers"
2,"algorithms"
3,"databases"
4,"chemistry"
5,"calculus"
1,"databases"
2,"databases"
3,"opearting systems"
1,"compilers"
2,"algorithms"
3,"databases"
4,"chemistry"
5,"calculus"
2,"databases"
3,"opearting systems"
1,"compilers"
2,"algorithms"
3,"databases"
4,"chemistry"
5,"calculus"
1,"databases"
2,"databases"
3,"opearting systems"
1,"compilers"
2,"algorithms"
3,"databases"
4,"chemistry"
5,"calculus"
1,"databases"
2,"databases"
3,"opearting systems"
1,"compilers"
2,"algorithms"
3,"databases"
4,"chemistry"
5,"calculus"
1,"databases"
2,"databases"
3,"opearting systems"
1,"compilers"
2,"algorithms"
3,"databases"
4,"chemistry"
5,"calculus"
2,"databases"
3,"opearting systems"
1,"compilers"
2,"algorithms"
3,"databases"
4,"chemistry"
5,"calculus"
1,"databases"
2,"databases"
3,"opearting systems"
1,"compilers"
2,"algorithms"
3,"databases"
4,"chemistry"
5,"calculus"
1,"databases"
2,"databases"
3,"opearting systems"
1,"compilers"
2,"algorithms"
3,"databases"
4,"chemistry"
5,"calculus"
1,"databases"
2,"databases"
3,"opearting systems"
1,"compilers"
2,"algorithms"
3,"databases"
4,"chemistry"
5,"calculus"
2,"databases"
3,"opearting systems"
1,"compilers"
2,"algorithms"
3,"databases"
4,"chemistry"
5,"calculus"
1,"databases"
2,"databases"
3,"opearting systems"
1,"compilers"
2,"algorithms"
3,"databases"
4,"chemistry"
5,"calculus"
1,"databases"
2,"databases"
3,"opearting systems"
1,"compilers"
2,"algorithms"
3,"databases"
4,"chemistry"
5,"calculus"
1,"databases"
2,"databases"
3,"opearting systems"
1,"compilers"
2,"algorithms"
3,"databases"
4,"chemistry"
5,"calculus"
2,"databases"
3,"opearting systems"
1,"compilers"
2,"algorithms"
3,"databases"
4,"chemistry"
5,"calculus"
1,"databases"
2,"databases"
3,"opearting systems"
1,"compilers"
2,"algorithms"
3,"databases"
4,"chemistry"
5,"calculus"
1,"databases"
2,"databases"
3,"opearting systems"
1,"compilers"
2,"algorithms"
3,"databases"
4,"chemistry"
5,"calculus"
1,"databases"
2,"databases"
3,"opearting systems"
1,"compilers"
2,"algorithms"
3,"databases"
4,"chemistry"
5,"calculus"
1,"databases"
1,"databases"
1,"databases"
1,"databases"
1,"databases"
1,"databases"
1,"databases"
1,"databases"
1,"databases"
1,"databases"
1,"databases"
1,"databases"
1,"databases"
1,"databases"
1,"databases"
1,"databases"
2,"databases"
3,"opearting systems"
1,"compilers"
2,"algorithms"
3,"databases"
4,"chemistry"
5,"calculus"
1,"databases"
2,"databases"
3,"opearting systems"
1,"compilers"
2,"algorithms"
3,"databases"
4,"chemistry"
5,"calculus"
1,"databases"
2,"databases"
3,"opearting systems"
1,"compilers"
2,"algorithms"
3,"databases"
4,"chemistry"
5,"calculus"
1,"databases"
2,"databases"
3,"opearting systems"
1,"compilers"
2,"algorithms"
3,"databases"
4,"chemistry"
5,"calculus"
2,"databases"
3,"opearting systems"
1,"compilers"
2,"algorithms"
3,"databases"
4,"chemistry"
5,"calculus"
1,"databases"
2,"databases"
3,"opearting systems"
1,"compilers"
2,"algorithms"
3,"databases"
4,"chemistry"
5,"calculus"
1,"databases"
2,"databases"
3,"opearting systems"
1,"compilers"
2,"algorithms"
3,"databases"
4,"chemistry"
5,"calculus"
1,"databases"
2,"databases"
3,"opearting systems"
1,"compilers"
2,"algorithms"
3,"databases"
4,"chemistry"
5,"calculus"
2,"databases"
3,"opearting systems"
1,"compilers"
2,"algorithms"
3,"databases"
4,"chemistry"
5,"calculus"
1,"databases"
2,"databases"
3,"opearting systems"
1,"compilers"
2,"algorithms"
3,"databases"
4,"chemistry"
5,"calculus"
1,"databases"
2,"databases"
3,"opearting systems"
1,"compilers"
2,"algorithms"
3,"databases"
4,"chemistry"
5,"calculus"
1,"databases"
2,"databases"
3,"opearting systems"
1,"compilers"
2,"algorithms"
3,"databases"
4,"chemistry"
5,"calculus"
2,"databases"
3,"opearting systems"
1,"compilers"
2,"algorithms"
3,"databases"
4,"chemistry"
5,"calculus"
1,"databases"
2,"databases"
3,"opearting systems"
1,"compilers"
2,"algorithms"
3,"databases"
4,"chemistry"
5,"calculus"
1,"databases"
2,"databases"
3,"opearting systems"
1,"compilers"
2,"algorithms"
3,"databases"
4,"chemistry"
5,"calculus"
1,"databases"
2,"databases"
3,"opearting systems"
1,"compilers"
2,"algorithms"
3,"databases"
4,"chemistry"
5,"calculus"
2,"databases"
3,"opearting systems"
1,"compilers"
2,"algorithms"
3,"databases"
4,"chemistry"
5,"calculus"
1,"databases"
2,"databases"
3,"opearting systems"
1,"compilers"
2,"algorithms"
3,"databases"
4,"chemistry"
5,"calculus"
1,"databases"
2,"databases"
3,"opearting systems"
1,"compilers"
2,"algorithms"
3,"databases"
4,"chemistry"
5,"calculus"
1,"databases"
2,"databases"
3,"opearting systems"
1,"compilers"
2,"algorithms"
3,"databases"
4,"chemistry"
5,"calculus"
2,"databases"
3,"opearting systems"
1,"compilers"
2,"algorithms"
3,"databases"
4,"chemistry"
5,"calculus"
1,"databases"
2,"databases"
3,"opearting systems"
1,"compilers"
2,"algorithms"
3,"databases"
4,"chemistry"
5,"calculus"
1,"databases"
2,"databases"
3,"opearting systems"
1,"compilers"
2,"algorithms"
3,"databases"
4,"chemistry"
5,"calculus"
1,"databases"
2,"databases"
3,"opearting systems"
1,"compilers"
2,"algorithms"
3,"databases"
4,"chemistry"
5,"calculus"
2,"databases"
3,"opearting systems"
1,"compilers"
2,"algorithms"
3,"databases"
4,"chemistry"
5,"calculus"
1,"databases"
2,"databases"
3,"opearting systems"
1,"compilers"
2,"algorithms"
3,"databases"
4,"chemistry"
5,"calculus"
1,"databases"
2,"databases"
3,"opearting systems"
1,"compilers"
2,"algorithms"
3,"databases"
4,"chemistry"
5,"calculus"
1,"databases"
2,"databases"
3,"opearting systems"
1,"compilers"
2,"algorithms"
3,"databases"
4,"chemistry"
5,"calculus"
2,"databases"
3,"opearting systems"
1,"compilers"
2,"algorithms"
3,"databases"
4,"chemistry"
5,"calculus"
1,"databases"
2,"databases"
3,"opearting systems"
1,"compilers"
2,"algorithms"
3,"databases"
4,"chemistry"
5,"calculus"
1,"databases"
2,"databases"
3,"opearting systems"
1,"compilers"
2,"algorithms"
3,"databases"
4,"chemistry"
5,"calculus"
1,"databases"
2,"databases"
3,"opearting systems"
1,"compilers"
2,"algorithms"
3,"databases"
4,"chemistry"
5,"calculus"
2,"databases"
3,"opearting systems"
1,"compilers"
2,"algorithms"
3,"databases"
4,"chemistry"
5,"calculus"
1,"databases"
2,"databases"
3,"opearting systems"
1,"compilers"
2,"algorithms"
3,"databases"
4,"chemistry"
5,"calculus"
1,"databases"
2,"databases"
3,"opearting systems"
1,"compilers"
2,"algorithms"
3,"databases"
4,"chemistry"
5,"calculus"
1,"databases"
2,"databases"
3,"opearting systems"
1,"compilers"
2,"algorithms"
3,"databases"
4,"chemistry"
5,"calculus"
2,"databases"
3,"opearting systems"
1,"compilers"
2,"algorithms"
3,"databases"
4,"chemistry"
5,"calculus"
1,"databases"
2,"databases"
3,"opearting systems"
1,"compilers"
2,"algorithms"
3,"databases"
4,"chemistry"
5,"calculus"
1,"databases"
2,"databases"
3,"opearting systems"
1,"compilers"
2,"algorithms"
3,"databases"
4,"chemistry"
5,"calculus"
1,"databases"
2,"databases"
3,"opearting systems"
1,"compilers"
2,"algorithms"
3,"databases"
4,"chemistry"
5,"calculus"
2,"databases"
3,"opearting systems"
1,"compilers"
2,"algorithms"
3,"databases"
4,"chemistry"
5,"calculus"
1,"databases"
2,"databases"
3,"opearting systems"
1,"compilers"
2,"algorithms"
3,"databases"
4,"chemistry"
5,"calculus"
1,"databases"
2,"databases"
3,"opearting systems"
1,"compilers"
2,"algorithms"
3,"databases"
4,"chemistry"
5,"calculus"
1,"databases"
2,"databases"
3,"opearting systems"
1,"compilers"
2,"algorithms"
3,"databases"
4,"chemistry"
5,"calculus"
2,"databases"
3,"opearting systems"
1,"compilers"
2,"algorithms"
3,"databases"
4,"chemistry"
5,"calculus"
1,"databases"
2,"databases"
3,"opearting systems"
1,"compilers"
2,"algorithms"
3,"databases"
4,"chemistry"
5,"calculus"
1,"databases"
2,"databases"
3,"opearting systems"
1,"compilers"
2,"algorithms"
3,"databases"
4,"chemistry"
5,"calculus"
1,"databases"
2,"databases"
3,"opearting systems"
1,"compilers"
2,"algorithms"
3,"databases"
4,"chemistry"
5,"calculus"
2,"databases"
3,"opearting systems"
1,"compilers"
2,"algorithms"
3,"databases"
4,"chemistry"
5,"calculus"
1,"databases"
2,"databases"
3,"opearting systems"
1,"compilers"
2,"algorithms"
3,"databases"
4,"chemistry"
5,"calculus"
1,"databases"
2,"databases"
3,"opearting systems"
1,"compilers"
2,"algorithms"
3,"databases"
4,"chemistry"
5,"calculus"
1,"databases"
2,"databases"
3,"opearting systems"
1,"compilers"
2,"algorithms"
3,"databases"
4,"chemistry"
5,"calculus"
2,"databases"
3,"opearting systems"
1,"compilers"
2,"algorithms"
3,"databases"
4,"chemistry"
5,"calculus"
1,"databases"
2,"databases"
3,"opearting systems"
1,"compilers"
2,"algorithms"
3,"databases"
4,"chemistry"
5,"calculus"
1,"databases"
2,"databases"
3,"opearting systems"
1,"compilers"
2,"algorithms"
3,"databases"
4,"chemistry"
5,"calculus"
1,"databases"
2,"databases"
3,"opearting systems"
1,"compilers"
2,"algorithms"
3,"databases"
4,"chemistry"
5,"calculus"
2,"databases"
3,"opearting systems"
1,"compilers"
2,"algorithms"
3,"databases"
4,"chemistry"
5,"calculus"
1,"databases"
2,"databases"
3,"opearting systems"
1,"compilers"
2,"algorithms"
3,"databases"
4,"chemistry"
5,"calculus"
1,"databases"
2,"databases"
3,"opearting systems"
1,"compilers"
2,"algorithms"
3,"databases"
4,"chemistry"
5,"calculus"
1,"databases"
2,"databases"
3,"opearting systems"
1,"compilers"
2,"algorithms"
3,"databases"
4,"chemistry"
5,"calculus"
2,"databases"
3,"opearting systems"
1,"compilers"
2,"algorithms"
3,"databases"
4,"chemistry"
5,"calculus"
1,"databases"
2,"databases"
3,"opearting systems"
1,"compilers"
2,"algorithms"
3,"databases"
4,"chemistry"
5,"calculus"
1,"databases"
2,"databases"
3,"opearting systems"
1,"compilers"
2,"algorithms"
3,"databases"
4,"chemistry"
5,"calculus"
1,"databases"
2,"databases"
3,"opearting systems"
1,"compilers"
2,"algorithms"
3,"databases"
4,"chemistry"
5,"calculus"
1,"databases"
1,"databases"
1,"databases"
1,"databases"
1,"databases"
1,"databases"
1,"databases"
2,"databases"
3,"opearting systems"
1,"compilers"
2,"algorithms"
3,"databases"
4,"chemistry"
5,"calculus"
1,"databases"
2,"databases"
3,"opearting systems"
1,"compilers"
2,"algorithms"
3,"databases"
4,"chemistry"
5,"calculus"
1,"databases"
2,"databases"
3,"opearting systems"
1,"compilers"
2,"algorithms"
3,"databases"
4,"chemistry"
5,"calculus"
1,"databases"
2,"databases"
3,"opearting systems"
1,"compilers"
2,"algorithms"
3,"databases"
4,"chemistry"
5,"calculus"
2,"databases"
3,"opearting systems"
1,"compilers"
2,"algorithms"
3,"databases"
4,"chemistry"
5,"calculus"
1,"databases"
2,"databases"
3,"opearting systems"
1,"compilers"
2,"algorithms"
3,"databases"
4,"chemistry"
5,"calculus"
1,"databases"
2,"databases"
3,"opearting systems"
1,"compilers"
2,"algorithms"
3,"databases"
4,"chemistry"
5,"calculus"
1,"databases"
2,"databases"
3,"opearting systems"
1,"compilers"
2,"algorithms"
3,"databases"
4,"chemistry"
5,"calculus"
2,"databases"
3,"opearting systems"
1,"compilers"
2,"algorithms"
3,"databases"
4,"chemistry"
5,"calculus"
1,"databases"
2,"databases"
3,"opearting systems"
1,"compilers"
2,"algorithms"
3,"databases"
4,"chemistry"
5,"calculus"
1,"databases"
2,"databases"
3,"opearting systems"
1,"compilers"
2,"algorithms"
3,"databases"
4,"chemistry"
5,"calculus"
1,"databases"
2,"databases"
3,"opearting systems"
1,"compilers"
2,"algorithms"
3,"databases"
4,"chemistry"
5,"calculus"
2,"databases"
3,"opearting systems"
1,"compilers"
2,"algorithms"
3,"databases"
4,"chemistry"
5,"calculus"
1,"databases"
2,"databases"
3,"opearting systems"
1,"compilers"
2,"algorithms"
3,"databases"
4,"chemistry"
5,"calculus"
1,"databases"
2,"databases"
3,"opearting systems"
1,"compilers"
2,"algorithms"
3,"databases"
4,"chemistry"
5,"calculus"
1,"databases"
2,"databases"
3,"opearting systems"
1,"compilers"
2,"algorithms"
3,"databases"
4,"chemistry"
5,"calculus"
2,"databases"
3,"opearting systems"
1,"compilers"
2,"algorithms"
3,"databases"
4,"chemistry"
5,"calculus"
1,"databases"
2,"databases"
3,"opearting systems"
1,"compilers"
2,"algorithms"
3,"databases"
4,"chemistry"
5,"calculus"
1,"databases"
2,"databases"
3,"opearting systems"
1,"compilers"
2,"algorithms"
3,"databases"
4,"chemistry"
5,"calculus"
1,"databases"
2,"databases"
3,"opearting systems"
1,"compilers"
2,"algorithms"
3,"databases"
4,"chemistry"
5,"calculus"
2,"databases"
3,"opearting systems"
1,"compilers"
2,"algorithms"
3,"databases"
4,"chemistry"
5,"calculus"
1,"databases"
2,"databases"
3,"opearting systems"
1,"compilers"
2,"algorithms"
3,"databases"
4,"chemistry"
5,"calculus"
1,"databases"
2,"databases"
3,"opearting systems"
1,"compilers"
2,"algorithms"
3,"databases"
4,"chemistry"
5,"calculus"
1,"databases"
2,"databases"
3,"opearting systems"
1,"compilers"
2,"algorithms"
3,"databases"
4,"chemistry"
5,"calculus"
2,"databases"
3,"opearting systems"
1,"compilers"
2,"algorithms"
3,"databases"
4,"chemistry"
5,"calculus"
1,"databases"
2,"databases"
3,"opearting systems"
1,"compilers"
2,"algorithms"
3,"databases"
4,"chemistry"
5,"calculus"
1,"databases"
2,"databases"
3,"opearting systems"
1,"compilers"
2,"algorithms"
3,"databases"
4,"chemistry"
5,"calculus"
1,"databases"
2,"databases"
3,"opearting systems"
1,"compilers"
2,"algorithms"
3,"databases"
4,"chemistry"
5,"calculus"
1,"databases"
1,"databases"
1,"databases"
1,"databases"
1,"databases"
1,"databases"
1,"databases"
1,"databases"
2,"databases"
3,"opearting systems"
1,"compilers"
2,"algorithms"
3,"databases"
4,"chemistry"
5,"calculus"
1,"databases"
2,"databases"
3,"opearting systems"
1,"compilers"
2,"algorithms"
3,"databases"
4,"chemistry"
5,"calculus"
1,"databases"
2,"databases"
3,"opearting systems"
1,"compilers"
2,"algorithms"
3,"databases"
4,"chemistry"
5,"calculus"
1,"databases"
2,"databases"
3,"opearting systems"
1,"compilers"
2,"algorithms"
3,"databases"
4,"chemistry"
5,"calculus"
2,"databases"
3,"opearting systems"
1,"compilers"
2,"algorithms"
3,"databases"
4,"chemistry"
5,"calculus"
1,"databases"
2,"databases"
3,"opearting systems"
1,"compilers"
2,"algorithms"
3,"databases"
4,"chemistry"
5,"calculus"
1,"databases"
2,"databases"
3,"opearting systems"
1,"compilers"
2,"algorithms"
3,"databases"
4,"chemistry"
5,"calculus"
1,"databases"
2,"databases"
3,"opearting systems"
1,"compilers"
2,"algorithms"
3,"databases"
4,"chemistry"
5,"calculus"
2,"databases"
3,"opearting systems"
1,"compilers"
2,"algorithms"
3,"databases"
4,"chemistry"
5,"calculus"
1,"databases"
2,"databases"
3,"opearting systems"
1,"compilers"
2,"algorithms"
3,"databases"
4,"chemistry"
5,"calculus"
1,"databases"
2,"databases"
3,"opearting systems"
1,"compilers"
2,"algorithms"
3,"databases"
4,"chemistry"
5,"calculus"
1,"databases"
2,"databases"
3,"opearting systems"
1,"compilers"
2,"algorithms"
3,"databases"
4,"chemistry"
5,"calculus"
2,"databases"
3,"opearting systems"
1,"compilers"
2,"algorithms"
3,"databases"
4,"chemistry"
5,"calculus"
1,"databases"
2,"databases"
3,"opearting systems"
1,"compilers"
2,"algorithms"
3,"databases"
4,"chemistry"
5,"calculus"
1,"databases"
2,"databases"
3,"opearting systems"
1,"compilers"
2,"algorithms"
3,"databases"
4,"chemistry"
5,"calculus"
1,"databases"
2,"databases"
3,"opearting systems"
1,"compilers"
2,"algorithms"
3,"databases"
4,"chemistry"
5,"calculus"
2,"databases"
3,"opearting systems"
1,"compilers"
2,"algorithms"
3,"databases"
4,"chemistry"
5,"calculus"
1,"databases"
2,"databases"
3,"opearting systems"
1,"compilers"
2,"algorithms"
3,"databases"
4,"chemistry"
5,"calculus"
1,"databases"
2,"databases"
3,"opearting systems"
1,"compilers"
2,"algorithms"
3,"databases"
4,"chemistry"
5,"calculus"
1,"databases"
2,"databases"
3,"opearting systems"
1,"compilers"
2,"algorithms"
3,"databases"
4,"chemistry"
5,"calculus"
2,"databases"
3,"opearting systems"
1,"compilers"
2,"algorithms"
3,"databases"
4,"chemistry"
5,"calculus"
1,"databases"
2,"databases"
3,"opearting systems"
1,"compilers"
2,"algorithms"
3,"databases"
4,"chemistry"
5,"calculus"
1,"databases"
2,"databases"
3,"opearting systems"
1,"compilers"
2,"algorithms"
3,"databases"
4,"chemistry"
5,"calculus"
1,"databases"
2,"databases"
3,"opearting systems"
1,"compilers"
2,"algorithms"
3,"databases"
4,"chemistry"
5,"calculus"
2,"databases"
3,"opearting systems"
1,"compilers"
2,"algorithms"
3,"databases"
4,"chemistry"
5,"calculus"
1,"databases"
2,"databases"
3,"opearting systems"
1,"compilers"
2,"algorithms"
3,"databases"
4,"chemistry"
5,"calculus"
1,"databases"
2,"databases"
3,"opearting systems"
1,"compilers"
2,"algorithms"
3,"databases"
4,"chemistry"
5,"calculus"
1,"databases"
2,"databases"
3,"opearting systems"
1,"compilers"
2,"algorithms"
3,"databases"
4,"chemistry"
5,"calculus"
2,"databases"
3,"opearting systems"
1,"compilers"
2,"algorithms"
3,"databases"
4,"chemistry"
5,"calculus"
1,"databases"
2,"databases"
3,"opearting systems"
1,"compilers"
2,"algorithms"
3,"databases"
4,"chemistry"
5,"calculus"
1,"databases"
2,"databases"
3,"opearting systems"
1,"compilers"
2,"algorithms"
3,"databases"
4,"chemistry"
5,"calculus"
1,"databases"
2,"databases"
3,"opearting systems"
1,"compilers"
2,"algorithms"
3,"databases"
4,"chemistry"
5,"calculus"
1,"databases"
1,"databases"
1,"databases"
1,"databases"
1,"databases"
1,"databases"
1,"databases"
1,"databases"
2,"databases"
3,"opearting systems"
1,"compilers"
2,"algorithms"
3,"databases"
4,"chemistry"
5,"calculus"
1,"databases"
2,"databases"
3,"opearting systems"
1,"compilers"
2,"algorithms"
3,"databases"
4,"chemistry"
5,"calculus"
1,"databases"
2,"databases"
3,"opearting systems"
1,"compilers"
2,"algorithms"
3,"databases"
4,"chemistry"
5,"calculus"
1,"databases"
2,"databases"
3,"opearting systems"
1,"compilers"
2,"algorithms"
3,"databases"
4,"chemistry"
5,"calculus"
2,"databases"
3,"opearting systems"
1,"compilers"
2,"algorithms"
3,"databases"
4,"chemistry"
5,"calculus"
1,"databases"
2,"databases"
3,"opearting systems"
1,"compilers"
2,"algorithms"
3,"databases"
4,"chemistry"
5,"calculus"
1,"databases"
2,"databases"
3,"opearting systems"
1,"compilers"
2,"algorithms"
3,"databases"
4,"chemistry"
5,"calculus"
1,"databases"
2,"databases"
3,"opearting systems"
1,"compilers"
2,"algorithms"
3,"databases"
4,"chemistry"
5,"calculus"
2,"databases"
3,"opearting systems"
1,"compilers"
2,"algorithms"
3,"databases"
4,"chemistry"
5,"calculus"
1,"databases"
2,"databases"
3,"opearting systems"
1,"compilers"
2,"algorithms"
3,"databases"
4,"chemistry"
5,"calculus"
1,"databases"
2,"databases"
3,"opearting systems"
1,"compilers"
2,"algorithms"
3,"databases"
4,"chemistry"
5,"calculus"
1,"databases"
2,"databases"
3,"opearting systems"
1,"compilers"
2,"algorithms"
3,"databases"
4,"chemistry"
5,"calculus"
2,"databases"
3,"opearting systems"
1,"compilers"
2,"algorithms"
3,"databases"
4,"chemistry"
5,"calculus"
1,"databases"
2,"databases"
3,"opearting systems"
1,"compilers"
2,"algorithms"
3,"databases"
4,"chemistry"
5,"calculus"
1,"databases"
2,"databases"
3,"opearting systems"
1,"compilers"
2,"algorithms"
3,"databases"
4,"chemistry"
5,"calculus"
1,"databases"
2,"databases"
3,"opearting systems"
1,"compilers"
2,"algorithms"
3,"databases"
4,"chemistry"
5,"calculus"
2,"databases"
3,"opearting systems"
1,"compilers"
2,"algorithms"
3,"databases"
4,"chemistry"
5,"calculus"
1,"databases"
2,"databases"
3,"opearting systems"
1,"compilers"
2,"algorithms"
3,"databases"
4,"chemistry"
5,"calculus"
1,"databases"
2,"databases"
3,"opearting systems"
1,"compilers"
2,"algorithms"
3,"databases"
4,"chemistry"
5,"calculus"
1,"databases"
2,"databases"
3,"opearting systems"
1,"compilers"
2,"algorithms"
3,"databases"
4,"chemistry"
5,"calculus"
2,"databases"
3,"opearting systems"
1,"compilers"
2,"algorithms"
3,"databases"
4,"chemistry"
5,"calculus"
1,"databases"
2,"databases"
3,"opearting systems"
1,"compilers"
2,"algorithms"
3,"databases"
4,"chemistry"
5,"calculus"
1,"databases"
2,"databases"
3,"opearting systems"
1,"compilers"
2,"algorithms"
3,"databases"
4,"chemistry"
5,"calculus"
1,"databases"
2,"databases"
3,"opearting systems"
1,"compilers"
2,"algorithms"
3,"databases"
4,"chemistry"
5,"calculus"
2,"databases"
3,"opearting systems"
1,"compilers"
2,"algorithms"
3,"databases"
4,"chemistry"
5,"calculus"
1,"databases"
2,"databases"
3,"opearting systems"
1,"compilers"
2,"algorithms"
3,"databases"
4,"chemistry"
5,"calculus"
1,"databases"
2,"databases"
3,"opearting systems"
1,"compilers"
2,"algorithms"
3,"databases"
4,"chemistry"
5,"calculus"
1,"databases"
2,"databases"
3,"opearting systems"
1,"compilers"
2,"algorithms"
3,"databases"
4,"chemistry"
5,"calculus"
2,"databases"
3,"opearting systems"
1,"compilers"
2,"algorithms"
3,"databases"
4,"chemistry"
5,"calculus"
1,"databases"
2,"databases"
3,"opearting systems"
1,"compilers"
2,"algorithms"
3,"databases"
4,"chemistry"
5,"calculus"
1,"databases"
2,"databases"
3,"opearting systems"
1,"compilers"
2,"algorithms"
3,"databases"
4,"chemistry"
5,"calculus"
1,"databases"
2,"databases"
3,"opearting systems"
1,"compilers"
2,"algorithms"
3,"databases"
4,"chemistry"
5,"calculus"
1,"databases"
1,"databases"
1,"databases"
1,"databases"
1,"databases"
1,"databases"
1,"databases"
1,"databases"
1,"databases"
1,"databases"
1,"databases"
1,"databases"
1,"databases"
1,"databases"
1,"databases"
2,"databases"
3,"opearting systems"
1,"compilers"
2,"algorithms"
3,"databases"
4,"chemistry"
5,"calculus"
1,"databases"
2,"databases"
3,"opearting systems"
1,"compilers"
2,"algorithms"
3,"databases"
4,"chemistry"
5,"calculus"
1,"databases"
2,"databases"
3,"opearting systems"
1,"compilers"
2,"algorithms"
3,"databases"
4,"chemistry"
5,"calculus"
1,"databases"
2,"databases"
3,"opearting systems"
1,"compilers"
2,"algorithms"
3,"databases"
4,"chemistry"
5,"calculus"
2,"databases"
3,"opearting systems"
1,"compilers"
2,"algorithms"
3,"databases"
4,"chemistry"
5,"calculus"
1,"databases"
2,"databases"
3,"opearting systems"
1,"compilers"
2,"algorithms"
3,"databases"
4,"chemistry"
5,"calculus"
1,"databases"
2,"databases"
3,"opearting systems"
1,"compilers"
2,"algorithms"
3,"databases"
4,"chemistry"
5,"calculus"
1,"databases"
2,"databases"
3,"opearting systems"
1,"compilers"
2,"algorithms"
3,"databases"
4,"chemistry"
5,"calculus"
2,"databases"
3,"opearting systems"
1,"compilers"
2,"algorithms"
3,"databases"
4,"chemistry"
5,"calculus"
1,"databases"
2,"databases"
3,"opearting systems"
1,"compilers"
2,"algorithms"
3,"databases"
4,"chemistry"
5,"calculus"
1,"databases"
2,"databases"
3,"opearting systems"
1,"compilers"
2,"algorithms"
3,"databases"
4,"chemistry"
5,"calculus"
1,"databases"
2,"databases"
3,"opearting systems"
1,"compilers"
2,"algorithms"
3,"databases"
4,"chemistry"
5,"calculus"
2,"databases"
3,"opearting systems"
1,"compilers"
2,"algorithms"
3,"databases"
4,"chemistry"
5,"calculus"
1,"databases"
2,"databases"
3,"opearting systems"
1,"compilers"
2,"algorithms"
3,"databases"
4,"chemistry"
5,"calculus"
1,"databases"
2,"databases"
3,"opearting systems"
1,"compilers"
2,"algorithms"
3,"databases"
4,"chemistry"
5,"calculus"
1,"databases"
2,"databases"
3,"opearting systems"
1,"compilers"
2,"algorithms"
3,"databases"
4,"chemistry"
5,"calculus"
2,"databases"
3,"opearting systems"
1,"compilers"
2,"algorithms"
3,"databases"
4,"chemistry"
5,"calculus"
1,"databases"
2,"databases"
3,"opearting systems"
1,"compilers"
2,"algorithms"
3,"databases"
4,"chemistry"
5,"calculus"
1,"databases"
2,"databases"
3,"opearting systems"
1,"compilers"
2,"algorithms"
3,"databases"
4,"chemistry"
5,"calculus"
1,"databases"
2,"databases"
3,"opearting systems"
1,"compilers"
2,"algorithms"
3,"databases"
4,"chemistry"
5,"calculus"
2,"databases"
3,"opearting systems"
1,"compilers"
2,"algorithms"
3,"databases"
4,"chemistry"
5,"calculus"
1,"databases"
2,"databases"
3,"opearting systems"
1,"compilers"
2,"algorithms"
3,"databases"
4,"chemistry"
5,"calculus"
1,"databases"
2,"databases"
3,"opearting systems"
1,"compilers"
2,"algorithms"
3,"databases"
4,"chemistry"
5,"calculus"
1,"databases"
2,"databases"
3,"opearting systems"
1,"compilers"
2,"algorithms"
3,"databases"
4,"chemistry"
5,"calculus"
2,"databases"
3,"opearting systems"
1,"compilers"
2,"algorithms"
3,"databases"
4,"chemistry"
5,"calculus"
1,"databases"
2,"databases"
3,"opearting systems"
1,"compilers"
2,"algorithms"
3,"databases"
4,"chemistry"
5,"calculus"
1,"databases"
2,"databases"
3,"opearting systems"
1,"compilers"
2,"algorithms"
3,"databases"
4,"chemistry"
5,"calculus"
1,"databases"
2,"databases"
3,"opearting systems"
1,"compilers"
2,"algorithms"
3,"databases"
4,"chemistry"
5,"calculus"
2,"databases"
3,"opearting systems"
1,"compilers"
2,"algorithms"
3,"databases"
4,"chemistry"
5,"calculus"
1,"databases"
2,"databases"
3,"opearting systems"
1,"compilers"
2,"algorithms"
3,"databases"
4,"chemistry"
5,"calculus"
1,"databases"
2,"databases"
3,"opearting systems"
1,"compilers"
2,"algorithms"
3,"databases"
4,"chemistry"
5,"calculus"
1,"databases"
2,"databases"
3,"opearting systems"
1,"compilers"
2,"algorithms"
3,"databases"
4,"chemistry"
5,"calculus"
2,"databases"
3,"opearting systems"
1,"compilers"
2,"algorithms"
3,"databases"
4,"chemistry"
5,"calculus"
1,"databases"
2,"databases"
3,"opearting systems"
1,"compilers"
2,"algorithms"
3,"databases"
4,"chemistry"
5,"calculus"
1,"databases"
2,"databases"
3,"opearting systems"
1,"compilers"
2,"algorithms"
3,"databases"
4,"chemistry"
5,"calculus"
1,"databases"
2,"databases"
3,"opearting systems"
1,"compilers"
2,"algorithms"
3,"databases"
4,"chemistry"
5,"calculus"
2,"databases"
3,"opearting systems"
1,"compilers"
2,"algorithms"
3,"databases"
4,"chemistry"
5,"calculus"
1,"databases"
2,"databases"
3,"opearting systems"
1,"compilers"
2,"algorithms"
3,"databases"
4,"chemistry"
5,"calculus"
1,"databases"
2,"databases"
3,"opearting systems"
1,"compilers"
2,"algorithms"
3,"databases"
4,"chemistry"
5,"calculus"
1,"databases"
2,"databases"
3,"opearting systems"
1,"compilers"
2,"algorithms"
3,"databases"
4,"chemistry"
5,"calculus"
2,"databases"
3,"opearting systems"
1,"compilers"
2,"algorithms"
3,"databases"
4,"chemistry"
5,"calculus"
1,"databases"
2,"databases"
3,"opearting systems"
1,"compilers"
2,"algorithms"
3,"databases"
4,"chemistry"
5,"calculus"
1,"databases"
2,"databases"
3,"opearting systems"
1,"compilers"
2,"algorithms"
3,"databases"
4,"chemistry"
5,"calculus"
1,"databases"
2,"databases"
3,"opearting systems"
1,"compilers"
2,"algorithms"
3,"databases"
4,"chemistry"
5,"calculus"
2,"databases"
3,"opearting systems"
1,"compilers"
2,"algorithms"
3,"databases"
4,"chemistry"
5,"calculus"
1,"databases"
2,"databases"
3,"opearting systems"
1,"compilers"
2,"algorithms"
3,"databases"
4,"chemistry"
5,"calculus"
1,"databases"
2,"databases"
3,"opearting systems"
1,"compilers"
2,"algorithms"
3,"databases"
4,"chemistry"
5,"calculus"
1,"databases"
2,"databases"
3,"opearting systems"
1,"compilers"
2,"algorithms"
3,"databases"
4,"chemistry"
5,"calculus"
2,"databases"
3,"opearting systems"
1,"compilers"
2,"algorithms"
3,"databases"
4,"chemistry"
5,"calculus"
1,"databases"
2,"databases"
3,"opearting systems"
1,"compilers"
2,"algorithms"
3,"databases"
4,"chemistry"
5,"calculus"
1,"databases"
2,"databases"
3,"opearting systems"
1,"compilers"
2,"algorithms"
3,"databases"
4,"chemistry"
5,"calculus"
1,"databases"
2,"databases"
3,"opearting systems"
1,"compilers"
2,"algorithms"
3,"databases"
4,"chemistry"
5,"calculus"
2,"databases"
3,"opearting systems"
1,"compilers"
2,"algorithms"
3,"databases"
4,"chemistry"
5,"calculus"
1,"databases"
2,"databases"
3,"opearting systems"
1,"compilers"
2,"algorithms"
3,"databases"
4,"chemistry"
5,"calculus"
1,"databases"
2,"databases"
3,"opearting systems"
1,"compilers"
2,"algorithms"
3,"databases"
4,"chemistry"
5,"calculus"
1,"databases"
2,"databases"
3,"opearting systems"
1,"compilers"
2,"algorithms"
3,"databases"
4,"chemistry"
5,"calculus"
2,"databases"
3,"opearting systems"
1,"compilers"
2,"algorithms"
3,"databases"
4,"chemistry"
5,"calculus"
1,"databases"
2,"databases"
3,"opearting systems"
1,"compilers"
2,"algorithms"
3,"databases"
4,"chemistry"
5,"calculus"
1,"databases"
2,"databases"
3,"opearting systems"
1,"compilers"
2,"algorithms"
3,"databases"
4,"chemistry"
5,"calculus"
1,"databases"
2,"databases"
3,"opearting systems"
1,"compilers"
2,"algorithms"
3,"databases"
4,"chemistry"
5,"calculus"
